nta_code,nta_name,borough,urban_pressure_score,pressure_level,airbnb_per_1000_residents,evictions_per_1000_renter_units,complaints_per_1000_residents,violations_per_1000_residents,poverty_rate_pct,rent_burden_rate_pct
BX0502,Mount Hope,Bronx,70.59009049436233,High,0.5286306352025713,16.07501674480911,303.7088725365812,295.3987989511968,31.7,61.7
BX0201,Hunts Point,Bronx,67.57670535714509,High,1.339820887102461,31.666666666666668,175.16395176644806,218.8844228192652,29.4,62.9
BX0603,Belmont,Bronx,66.78004486275375,High,0.7641087217552669,13.493377483443707,192.03689553542188,210.56653203798712,40.0,66.4
BX0402,Highbridge,Bronx,66.38647704415396,High,0.8526226039725897,15.19409801510627,280.2286291723245,225.0923674487637,33.7,58.2
BX1201,Williamsbridge-Olinville,Bronx,62.81791748673792,High,0.8827041902487149,22.055847834884663,196.2891808158956,181.45628883465739,24.5,62.0
MN0902,Manhattanville-West Harlem,Manhattan,58.17449990992457,High,15.00449236298293,0.0,199.46091644204853,270.53009883198564,29.1,54.0
BX0503,Fordham Heights,Bronx,57.514551444149134,High,0.459460287315833,0.0,247.46531074830767,225.80941587282138,32.6,63.7
BX0703,Norwood,Bronx,57.369587813979585,High,0.5815864667357827,11.700852893494044,218.6765114926543,194.452170834703,27.8,58.1
BX0601,West Farms,Bronx,57.072845956661965,High,0.11174432897530451,0.0,207.73270756509106,205.33020449212202,44.9,61.7
BX0401,Concourse-Concourse Village,Bronx,55.01420842258929,High,1.1824931145970543,0.0,217.0847802658364,218.74625793318165,32.8,62.7
BX0602,Tremont,Bronx,53.87286492891836,High,0.30721022395625325,0.0,219.99324137507296,215.9380664188504,33.8,60.1
BX0701,University Heights (North)-Fordham,Bronx,52.80811082772691,High,0.6763459283975111,0.0,206.8716746325187,215.95725493732527,26.7,66.0
BX0303,Crotona Park East,Bronx,52.7511604779893,High,0.4818447771467906,12.057641407705127,159.42178626742384,146.6873171571158,30.4,60.3
BX0202,Longwood,Bronx,52.709135364582785,High,0.4396141164977409,10.824702126002649,151.49590914641593,158.84723409451703,33.4,58.9
BX0301,Morrisania,Bronx,52.54043473894485,High,1.0839957751959532,0.0,195.091444771805,195.3693924064706,36.8,60.0
BK0902,Prospect Lefferts Gardens-Wingate,Brooklyn,52.344716120618365,High,11.893749174045197,12.617886178861788,179.2872560680146,205.29932602088013,16.1,48.8
BK1401,Flatbush,Brooklyn,52.29869581388095,High,5.603884577581527,8.520865195542932,211.67133657048132,274.2676074933619,14.9,48.8
BK1602,Brownsville,Brooklyn,51.85270899944757,High,0.6244579358196011,11.60772401822521,99.13269731136167,144.35385949696445,38.2,60.9
MN0903,Hamilton Heights-Sugar Hill,Manhattan,51.78131370444237,High,14.33466590519703,0.0,203.3885398819722,222.97734627831713,23.6,51.5
MN1201,Washington Heights (South),Manhattan,51.58514288887785,High,7.458497072740396,0.0,194.1080546421793,242.16055818429706,22.2,58.6
BK1601,Ocean Hill,Brooklyn,50.595797573243,High,8.532725661476135,14.726222439183141,126.49702493986581,167.46423597923788,24.7,50.2
BX0403,Mount Eden-Claremont (West),Bronx,50.20263245033122,High,0.6841817186644773,0.0,207.3852529517554,203.51473922902494,30.3,58.4
BX0101,Mott Haven-Port Morris,Bronx,50.02214968300477,High,1.8528648820342692,9.46875311472142,111.189539254266,94.35493832606892,40.5,61.6
BX0501,University Heights (South)-Morris Heights,Bronx,49.32023106078581,High,0.5745209236813819,0.0,182.66058786463546,167.29678638941397,34.3,61.4
BX0702,Bedford Park,Bronx,47.92601619394666,High,0.7276626709049826,0.0,212.36260579832256,159.58791314005592,25.7,62.8
BK1701,East Flatbush-Erasmus,Brooklyn,47.72158958355604,High,6.360270093661512,0.0,219.23328250925724,289.23981703332606,15.6,49.2
BK0401,Bushwick (West),Brooklyn,46.777947915542164,High,26.568520328943585,0.0,105.23894416010121,173.28962754231603,18.6,53.4
BK1704,East Flatbush-Remsen Village,Brooklyn,45.23554234499884,High,1.5367277942833726,0.0,149.95902059215243,224.56715500461019,20.9,61.1
MN1102,East Harlem (North),Manhattan,44.99452617152893,High,10.169064634952619,0.0,103.43796240909234,135.1100336869943,33.9,58.1
BX0901,Soundview-Bruckner-Bronx River,Bronx,44.56968270368635,High,0.3849627622558818,0.0,144.5239047069101,161.72877892773064,30.3,61.3
BK0901,Crown Heights (South),Brooklyn,44.12470466953838,High,6.504313890536223,0.0,179.84427907332656,234.69094943852468,19.1,49.1
BX0102,Melrose,Bronx,43.551609232755254,High,0.6212569270147362,0.0,116.84600283293159,109.91277552744714,38.2,62.5
MN1002,Harlem (North),Manhattan,43.09069773594449,High,9.59461029155535,0.0,153.5718434196771,132.466023928447,27.3,53.5
MN1203,Inwood,Manhattan,42.91725032552798,High,3.7425737391713993,0.0,206.23413331937502,244.07862022036693,14.9,48.1
BK0802,Crown Heights (North),Brooklyn,42.883378471041624,High,12.644999477479361,0.0,150.55561361340438,195.26015722065466,19.8,48.8
BK0402,Bushwick (East),Brooklyn,42.867689636159724,High,17.940743713215625,0.0,81.97899946495451,139.04494382022472,23.5,57.5
BK0302,Bedford-Stuyvesant (East),Brooklyn,42.10234701718654,High,18.135639016482035,0.0,105.82004863550391,139.32450689002974,24.3,51.2
BX0802,Kingsbridge-Marble Hill,Bronx,41.34938425683828,High,1.2827940081105684,0.0,135.02441446660598,120.99644128113879,30.4,60.0
BK0301,Bedford-Stuyvesant (West),Brooklyn,40.919827908533506,High,20.14631144738941,0.0,76.77932496182683,123.89753640693726,26.7,50.6
BX1001,Westchester Square,Bronx,40.86787622861592,High,0.5849093390524469,0.0,108.27321765126405,143.3027880678495,23.4,67.3
BK0104,East Williamsburg,Brooklyn,39.989426143816004,High,31.756469268556838,1.8069053083947844,56.66653773256488,67.90314470274244,23.3,47.0
BK1303,Brighton Beach,Brooklyn,39.92013934261469,High,2.3626299446469554,5.938473520249221,64.5673012015661,83.80585932226273,24.5,67.6
BK1702,East Flatbush-Farragut,Brooklyn,39.57700946741549,High,2.471289431603431,21.41920442954976,77.91830207879052,62.30556766971944,12.8,54.5
BK1703,East Flatbush-Rugby,Brooklyn,39.303257741056754,High,2.7771165595493135,0.0,128.35568250945542,175.61956148007087,15.3,61.7
BX0801,Kingsbridge Heights-Van Cortlandt Village,Bronx,39.22154543296416,High,0.9594975721803856,0.0,171.28485447620156,133.7772221091501,23.1,55.3
BX0302,Claremont Village-Claremont (East),Bronx,39.19473606764143,High,0.1747411646498624,0.0,77.49770652221396,73.21654798829235,45.8,59.3
MN1001,Harlem (South),Manhattan,38.73272975219056,High,14.671229227711411,0.0,147.26553695469542,155.03145298444767,18.0,45.0
QN1401,Far Rockaway-Bayswater,Queens,38.55170352912182,High,0.7806028165424074,12.512370988265234,72.03848849805645,72.86688332377493,20.0,60.6
BX1104,Allerton,Bronx,38.380186041664665,High,0.7151796888968354,0.0,124.56046248286547,133.23201621073963,24.7,59.3
MN0303,East Village,Manhattan,37.97842275462022,High,26.881248903701103,0.9260211955962547,72.45804829562066,76.12699526398877,22.3,46.6
SI0106,Port Richmond,Staten Island,37.91912658771505,High,1.2442572741194486,10.67378252168112,48.19104134762634,40.05551301684533,22.1,67.7
BK0502,East New York (North),Brooklyn,37.886712626199895,High,2.3007738966743356,0.0,94.56413116735226,142.15993864602942,28.0,56.7
BK0103,South Williamsburg,Brooklyn,36.11474534197458,High,2.064992935550484,0.0,14.411477013368113,45.64721225953701,43.3,63.7
BX1101,Pelham Parkway-Van Nest,Bronx,35.66321407315618,High,1.0852441799404866,0.0,161.28128828986522,109.88972518816733,18.3,56.5
SI0101,St. George-New Brighton,Staten Island,35.6509777350483,High,2.719406674907293,0.0,104.52410383189122,90.18541409147095,26.5,58.2
MN0201,SoHo-Little Italy-Hudson Square,Manhattan,35.28292136273133,High,34.9618802724771,0.0,75.02142824919926,93.15649388730996,9.9,42.9
BK0503,East New York-New Lots,Brooklyn,35.21950804409171,High,1.6675715504537345,0.0,102.88528658962227,137.41952997750718,24.0,54.6
MN1101,East Harlem (South),Manhattan,34.87326622736045,High,8.343713208319826,0.0,79.9221935946218,82.58399167334959,29.2,52.6
MN0302,Lower East Side,Manhattan,34.80625598015343,High,17.025614331880192,5.163193804167435,59.57880582124189,49.51525798685666,22.6,48.8
MN1202,Washington Heights (North),Manhattan,34.687059486492814,High,5.466289011832597,0.0,153.75757736188686,149.64131614474417,13.5,49.9
QN1202,South Jamaica,Queens,34.674419416060374,High,0.9051664113633198,16.597510373443985,48.15949496356125,47.2775379473611,12.7,59.4
BX0904,Parkchester,Bronx,34.645450240410874,High,0.8041278563291563,10.881956679448649,73.27615090799438,48.95128325403739,22.4,55.2
BK1202,Borough Park,Brooklyn,34.50183448501378,High,0.428603654410106,3.3056736153275312,25.547033611549743,52.41371531694113,32.4,64.4
SI0102,Tompkinsville-Stapleton-Clifton-Fox Hills,Staten Island,34.1113542705199,High,2.9552170947942713,0.0,83.99636280972948,76.94930666060468,26.5,59.4
QN1304,Cambria Heights,Queens,33.92977466247906,High,1.2014417300760913,26.82403433476395,17.020424509411292,11.814177012414898,6.1,61.9
MN0301,Chinatown-Two Bridges,Manhattan,33.83576720023561,High,13.593334880961592,0.0,35.3633057339627,50.06577420103691,30.2,54.8
QN1205,St. Albans,Queens,33.4914624011764,Medium,1.5160265665607855,23.671497584541065,24.527144094715567,20.8273173548946,9.0,55.7
QN1201,Jamaica,Queens,33.06235923183711,Medium,0.7497166768372417,7.317780031879438,60.34347484962078,48.295702205561845,18.4,63.1
BK0703,Sunset Park (Central),Brooklyn,32.979752948031035,Medium,2.4697627181239037,0.0,60.751546486935645,79.14781645277444,26.3,60.8
MN0402,Hell's Kitchen,Manhattan,32.869534945589294,Medium,30.658626247261004,0.0,71.78428496405354,63.743865558392635,12.3,43.8
BK0102,Williamsburg,Brooklyn,32.85557041034389,Medium,34.421167352869944,0.48687467034527526,61.622063453620726,84.61491886655365,12.8,37.2
QN1303,Queens Village,Queens,32.75133103327729,Medium,1.0150657121487336,17.632241813602015,23.827331979912383,14.958863126402393,8.9,65.0
BK1403,Midwood,Brooklyn,32.52577024085206,Medium,1.5727288811999922,4.89841805187505,70.06507165745965,107.84988302828947,16.9,56.7
BX0903,Castle Hill-Unionport,Bronx,32.107864491605646,Medium,0.46402445681842996,0.0,82.05044218801179,77.76503985151217,22.9,61.2
BX1202,Eastchester-Edenwald-Baychester,Bronx,31.91161552077542,Medium,0.8467081867273787,12.612970503525673,48.77039155549702,46.155004045383556,18.2,54.4
BK1402,Flatbush (West)-Ditmas Park-Parkville,Brooklyn,31.416945499527355,Medium,4.885631801021542,0.0,97.6632862042589,120.26550201100501,15.8,53.5
MN0703,Upper West Side-Manhattan Valley,Manhattan,31.400068371796547,Medium,13.146379883705102,0.0,93.2887341747535,101.51494525582933,16.6,47.0
BK1201,Sunset Park (East)-Borough Park (West),Brooklyn,31.335540042425276,Medium,2.849464106466341,0.0,60.55111226240974,87.97720428714827,25.1,56.7
QN1203,Baisley Park,Queens,31.261893062227784,Medium,2.1112219567083494,16.538688718251624,23.269842006356864,24.940259378697537,11.6,58.4
BX1003,Pelham Bay-Country Club-City Island,Bronx,31.19577692649273,Medium,1.1928429423459246,9.557183816502071,64.12434484005061,42.03867702873667,12.3,61.0
BK0505,East New York-City Line,Brooklyn,30.85322732257622,Medium,0.8516333110286514,0.0,69.04312914410852,107.81272177950808,23.0,55.8
QN1307,Rosedale,Queens,30.83746987188782,Medium,2.033046242560899,14.875418371141688,38.99752338003179,16.96669500609914,9.2,61.1
MN0502,Midtown-Times Square,Manhattan,30.10720755540796,Medium,35.491366349264204,0.0,55.720078363478976,37.997175269943966,12.8,39.0
BK0204,Clinton Hill,Brooklyn,30.007545006310316,Medium,20.831122900088417,7.465519423003922,49.796640141467726,72.32537577365164,10.0,40.7
BX1203,Wakefield-Woodlawn,Bronx,29.551650802111862,Medium,0.7847556190514517,0.0,108.47737287965069,92.88287019337184,17.0,54.7
MN0901,Morningside Heights,Manhattan,29.541420639028875,Medium,9.504001684919967,3.215434083601286,42.25463352990732,48.941659646166805,24.2,49.4
QN1206,Hollis,Queens,29.37853547452869,Medium,0.7916611690196597,16.036308623298034,49.39086071161543,34.43726085235519,10.0,52.7
QN0905,Woodhaven,Queens,29.002656567429614,Medium,2.1125734544218346,16.062823487417454,38.87620805206158,23.991064057112332,10.1,53.3
QN0902,Richmond Hill,Queens,28.72062118573088,Medium,1.4112251198071326,15.39906103286385,38.60288713139094,33.163790315467615,10.7,52.7
BK1102,Bath Beach,Brooklyn,28.407155145942557,Medium,0.38928177512489454,3.869969040247678,49.01706351780964,64.81541555829494,15.3,60.9
BK1302,Coney Island-Sea Gate,Brooklyn,28.37638042277067,Medium,0.552591463414634,0.0,33.6890243902439,47.08460365853658,27.6,59.8
QN1001,South Ozone Park,Queens,28.36587719573928,Medium,0.4074375879694792,12.097922003985198,24.26105637454626,21.74235128528039,11.7,60.9
BK0501,Cypress Hills,Brooklyn,28.26471682305909,Medium,2.702636897080665,0.0,70.2685593240973,93.228798909206,17.3,55.2
QN1402,Rockaway Beach-Arverne-Edgemere,Queens,28.054302134193975,Medium,3.297298570385548,0.0,49.836312678113,45.43206387338373,25.6,55.8
BK0801,Prospect Heights,Brooklyn,27.713490287616782,Medium,18.730400881430633,1.450536698578474,78.77786253072294,128.31595897957453,6.4,38.7
QN0706,Queensboro Hill,Queens,27.684797146055278,Medium,3.4201790564329544,5.330490405117271,9.304898903530832,12.12151695000503,14.5,73.1
QN0707,Flushing-Willets Point,Queens,27.442794527115687,Medium,2.6273951970546396,0.0,39.996652999748974,28.58338214375366,21.8,62.5
QN0402,Corona,Queens,27.440741518099298,Medium,0.9352453905762893,7.8944044461285845,30.99670437338559,38.998248270538284,19.0,54.6
QN0705,East Flushing,Queens,27.283635345591794,Medium,3.0944300259532844,2.8846153846153846,26.21947161775471,20.396619418380247,16.1,65.7
BK0702,Sunset Park (West),Brooklyn,26.943181122995448,Medium,5.766945272468681,0.0,59.34498412141758,94.82338730103064,17.5,50.2
BK0101,Greenpoint,Brooklyn,26.61951849322819,Medium,25.977005633874626,1.2108080550599032,46.396614576694624,85.85922961225687,9.1,36.9
QN0102,Old Astoria-Hallets Point,Queens,26.23475510274979,Medium,7.236744941662975,0.0,57.820115197164384,66.38605818933688,19.1,49.6
BK1801,Flatlands,Brooklyn,26.19887312773364,Medium,1.3327205882352942,9.872773536895675,39.07781862745098,50.99571078431372,12.3,51.8
QN0401,Elmhurst,Queens,26.10366073614635,Medium,2.4492859541351453,2.9193427308366,73.43907401189088,33.43077804333656,12.0,58.7
QN1002,Ozone Park,Queens,25.834653843451356,Medium,1.372448104306056,13.712718546451834,21.57316863956082,20.543832561331275,10.4,53.5
BK1803,Canarsie,Brooklyn,25.79813624533332,Medium,1.7362367069377125,12.01872685346936,31.722491499674454,34.82119173358412,13.7,49.1
BK1502,Madison,Brooklyn,25.715599170191233,Medium,1.4306510717333467,4.301075268817204,54.414939009085884,52.73329652125897,16.5,52.8
BK0203,Fort Greene,Brooklyn,25.452970195461834,Medium,14.786232443278283,3.638825421003639,24.54082420126563,46.457786695477694,16.3,44.4
BX0902,Soundview-Clason Point,Bronx,25.20267695190071,Medium,0.6551469986078127,0.0,44.440804738896624,34.80468430104004,24.8,55.3
BK1203,Kensington,Brooklyn,25.053675871975102,Medium,4.158770267424721,0.0,70.38323857654242,95.86228679722046,11.9,51.2
QN0502,Ridgewood,Queens,24.814326178618547,Medium,6.466147814383522,2.6458988567720034,53.806542220141615,81.92404470712154,13.0,47.4
MN0401,Chelsea-Hudson Yards,Manhattan,24.778611491937177,Medium,19.344516629496752,0.0,43.14942305827596,41.468696467242,12.3,45.3
BK1002,Dyker Heights,Brooklyn,24.708202759750016,Medium,0.3236004281482588,3.1860970311368577,24.444278495506936,39.03119010280537,19.0,57.5
BK1101,Bensonhurst,Brooklyn,24.67659011269546,Medium,0.85318017708691,0.0,48.870576728990436,69.30528243385253,18.0,55.0
QN0303,North Corona,Queens,24.60111541740395,Medium,0.7054851470180654,4.183535762483131,31.746831615812944,45.629771473204165,17.2,55.0
MN0602,Gramercy,Manhattan,24.440244865881134,Medium,16.702484635976322,2.262982372558361,46.75187573049806,27.297062926516606,11.7,45.8
BK1501,Gravesend (East)-Homecrest,Brooklyn,24.40522820536736,Medium,1.210464662241312,0.0,50.91761030847326,54.82233502538071,17.0,56.6
QN0901,Kew Gardens,Queens,24.265059944266795,Medium,1.4329580348004094,7.1758072783188105,70.95189355168885,45.404298874104406,8.1,51.5
BK1103,Gravesend (West),Brooklyn,24.24351452207647,Medium,0.4837235967536772,0.0,46.16872995682319,54.24870559148646,20.2,54.8
QN0302,East Elmhurst,Queens,24.172453412901728,Medium,4.0313872291411705,4.048582995951417,30.99128932402275,37.506299042545535,14.0,54.9
BX1102,Morris Park,Bronx,24.044107710844624,Medium,0.7450258567797353,0.0,72.57428346042597,42.90472434043299,12.8,58.6
MN0203,West Village,Manhattan,23.80280058484769,Medium,23.61768866473953,2.6270359528634692,48.2809520880743,45.205732209853004,6.2,38.9
QN0301,Jackson Heights,Queens,23.765244852296867,Medium,2.381607638080318,4.318640567056283,36.5073988610623,36.15809640747719,14.0,54.7
QN0704,Murray Hill-Broadway Flushing,Queens,23.72118813466821,Medium,1.2811942959001783,0.0,33.71954842543077,21.48321449792038,17.1,62.0
QN0903,South Richmond Hill,Queens,23.54644872789544,Medium,1.2805190370496842,0.0,36.153320812702745,33.933754481816635,12.5,63.9
BK1204,Mapleton-Midwood (West),Brooklyn,23.49978545882958,Medium,0.7534983853606028,0.0,31.054897739504845,51.3724434876211,18.1,57.5
BK0504,Spring Creek-Starrett City,Brooklyn,22.65455963419071,Medium,0.12463388795413473,0.0,31.345422820464883,23.493487879354394,24.8,53.7
QN0601,Rego Park,Queens,22.478212269355392,Medium,3.1186440677966103,3.313166234514549,32.30508474576271,28.508474576271187,12.7,55.5
QN0105,Queensbridge-Ravenswood-Dutch Kills,Queens,22.141510709600123,Medium,7.855402407535368,0.0,23.63894243008328,35.02200240026185,20.7,47.7
SI0103,Rosebank-Shore Acres-Park Hill,Staten Island,21.84237201155559,Medium,0.6606474344857961,0.0,64.17088746972033,76.76723188724951,14.8,48.6
QN0202,Sunnyside,Queens,21.825065626253693,Medium,7.8304249900014735,0.0,54.45513292777907,39.99410613172795,11.9,50.0
BK1301,Gravesend (South),Brooklyn,21.799512827150778,Low,0.8203445447087777,0.0,24.324999108321148,23.64732318008346,18.1,58.4
QN0801,Kew Gardens Hills,Queens,21.653285123439485,Low,0.7611422772249317,5.854610505773296,30.191976996588956,21.19922194344995,11.9,54.3
BK1001,Bay Ridge,Brooklyn,21.18549432154,Low,2.2970447864224424,4.074322811730467,61.81787886361743,50.83252996274741,11.7,45.8
MN0603,Murray Hill-Kips Bay,Manhattan,21.092295573016298,Low,16.829068390856936,1.4682940258786823,27.64775521355068,21.58273381294964,8.2,46.4
QN0104,Astoria (East)-Woodside (North),Queens,20.961708089176543,Low,9.709770955813891,0.0,38.174031018062834,44.77135484557474,10.8,48.9
QN0904,Ozone Park (North),Queens,20.90556009398911,Low,1.0259528061709162,0.0,36.28833073678611,43.12801611125888,15.4,54.3
QN0501,Maspeth,Queens,20.902822540002578,Low,1.6893097623069786,3.655505190817371,11.206547859811083,17.41654571843251,13.1,57.3
MN0604,East Midtown-Turtle Bay,Manhattan,20.885716633798257,Low,17.06021110819891,0.0,28.306607257737852,24.06538159117444,7.4,48.3
QN0701,College Point,Queens,20.38923173652408,Low,0.6476683937823834,4.575163398692811,15.187823834196891,19.009067357512954,9.1,58.8
SI0107,Mariner's Harbor-Arlington-Graniteville,Staten Island,19.948836733172048,Low,0.39619651347068147,0.0,33.798610264537366,41.08253078142143,15.4,53.5
MN0501,Midtown South-Flatiron-Union Square,Manhattan,19.92399358085509,Low,17.290192113245705,0.0,30.771823390630267,21.469497809234916,12.8,40.8
QN0203,Woodside,Queens,19.132573913071486,Low,4.740425176460762,3.121829392023726,32.22236144175751,42.30881677316961,8.3,48.9
BX1103,Pelham Gardens,Bronx,19.085312527882028,Low,1.5755750849059906,0.0,25.80441861279367,17.716466510276252,12.5,57.4
QN1305,Laurelton,Queens,19.078056129824375,Low,1.0252654705236177,14.332965821389196,12.889051629439766,10.692054192603441,5.1,45.5
BX1004,Co-op City,Bronx,19.02797940709116,Low,0.05462242250443807,8.741454667712654,16.386726751331423,19.60944967909327,11.7,47.2
BK1503,Sheepshead Bay-Manhattan Beach-Gerritsen Beach,Brooklyn,18.931528149527264,Low,1.162079510703364,0.0,42.70642201834862,28.34862385321101,13.9,52.2
QN1403,Breezy Point-Belle Harbor-Rockaway Park-Broad Channel,Queens,18.567214431544464,Low,0.43425052307449374,10.730253353204173,38.68777387390944,0.0,9.1,44.4
QN0804,Jamaica Estates-Holliswood,Queens,18.0295982211779,Low,0.8154278957883149,6.047411707789066,24.014351530965875,15.370815835609735,10.3,49.1
MN0702,Upper West Side (Central),Manhattan,17.199691192441556,Low,8.302396900976516,0.0,48.92664030344605,46.81825518521507,8.3,42.5
BK1802,Marine Park-Mill Basin-Bergen Beach,Brooklyn,17.117581095364145,Low,0.3146703827740442,0.0,15.666089770964915,16.94724775797352,7.1,61.1
MN0202,Greenwich Village,Manhattan,17.043984616003343,Low,15.261604848177175,0.0,29.158866643398802,25.2244820255735,7.4,41.4
QN0103,Astoria (Central),Queens,16.753700841559045,Low,11.064487171457799,0.0,45.573161311872404,41.02210809795202,9.7,38.5
BX1002,Throgs Neck-Schuylerville,Bronx,16.5696203261578,Low,0.7392956155662799,0.0,22.281548413594823,25.382482801108946,14.3,50.5
SI0202,New Dorp-Midland Beach,Staten Island,16.53697158748405,Low,0.8531549670682184,4.090740052063964,6.1768419615739,7.678394703613964,8.3,54.4
SI0201,Grasmere-Arrochar-South Beach-Dongan Hills,Staten Island,16.362989068836008,Low,1.49978184991274,0.0,13.579842931937174,10.989310645724258,9.5,57.0
QN0602,Forest Hills,Queens,16.31897903244473,Low,1.8116139734369372,2.912338607902145,28.778470168392793,17.865132979013655,9.4,48.9
BK0601,Carroll Gardens-Cobble Hill-Gowanus-Red Hook,Brooklyn,16.230910933498052,Low,11.088144338156356,0.0,24.980371420788668,48.951273053566,12.4,36.8
MN0801,Upper East Side-Lenox Hill-Roosevelt Island,Manhattan,16.05708999431416,Low,10.114003228410008,0.0,31.79227199354318,27.681093623890234,8.8,42.7
SI0301,Oakwood-Richmondtown,Staten Island,16.047493410242396,Low,0.2938583602703497,0.0,13.223626212165737,8.374963267704967,7.7,59.7
QN1302,Bellerose,Queens,16.025640449812197,Low,0.5122013683093697,5.46448087431694,11.158672666739838,7.902535396773132,8.2,50.8
BK0202,Downtown Brooklyn-DUMBO-Boerum Hill,Brooklyn,16.019021461168467,Low,8.443456321350952,0.0,22.457595363593214,29.826884164772302,15.2,39.5
BK0701,Windsor Terrace-South Slope,Brooklyn,15.869018360786855,Low,9.491445980782752,0.0,25.740176548707133,36.05187094758222,8.2,43.3
SI0304,Annadale-Huguenot-Prince's Bay-Woodrow,Staten Island,15.76896598315249,Low,0.21246458923512748,0.0,3.3758262511803587,4.225684608120869,4.0,64.7
SI0104,West New Brighton-Silver Lake-Grymes Hill,Staten Island,15.69243667975417,Low,1.6342171254684288,0.0,27.38722493026401,23.86520526330619,10.5,50.6
QN0101,Astoria (North)-Ditmars-Steinway,Queens,15.473247801672393,Low,6.620216178664106,0.0,31.262131954802722,32.876320467501685,9.8,43.6
SI0203,Todt Hill-Emerson Hill-Lighthouse Hill-Manor Heights,Staten Island,15.310493027200145,Low,0.35609365263064185,0.0,7.982432713136889,0.0,12.7,55.2
QN1204,Springfield Gardens (North)-Rochdale Village,Queens,15.009672713300917,Low,2.211853108714095,0.0,23.572900254514604,16.997939643679555,11.2,49.3
QN0503,Glendale,Queens,14.787571366012406,Low,1.1068068622025455,3.1540766440624504,33.06585500830105,27.310459324847812,8.5,44.8
QN0504,Middle Village,Queens,14.617226758800367,Low,0.8368925314556158,4.214770020157595,8.3977836777098,12.553387971834237,7.3,49.9
SI0105,Westerleigh-Castleton Corners,Staten Island,14.580205833376938,Low,0.1899816351086062,0.0,5.066176936229498,4.71787727186372,6.5,59.4
QN0802,Pomonok-Electchester-Hillcrest,Queens,14.273739545079842,Low,0.783304425670005,0.0,11.2460135399765,9.651429530576848,13.8,49.6
QN0702,Whitestone-Beechhurst,Queens,14.162381646715371,Low,0.3486142583231654,0.0,5.194352449015165,4.148509674045668,9.0,56.0
QN0805,Jamaica Hills-Briarwood,Queens,14.106742649748202,Low,1.8003913894324852,0.0,30.684931506849313,26.40574037834312,13.1,43.6
MN0701,Upper West Side-Lincoln Square,Manhattan,13.990299847226465,Low,6.963584120096171,0.0,19.62997713012373,16.87386383627514,10.8,42.9
MN0803,Upper East Side-Yorkville,Manhattan,13.820801602091906,Low,9.588347055098163,0.0,32.26092463584547,30.13299556681444,7.3,39.3
MN0101,Financial District-Battery Park City,Manhattan,13.497959800163436,Low,16.47876892692561,0.0,7.344470046082949,4.546576695194207,6.1,39.5
QN1101,Auburndale,Queens,13.087051986238807,Low,0.5475819931984552,1.525940996948118,6.542163813476281,8.790131996080467,9.3,49.9
QN1306,Springfield Gardens (South)-Brookville,Queens,12.800466888040724,Low,2.815522095727751,0.0,23.05463745052434,22.442567429713957,9.9,44.3
SI0204,New Springville-Willowbrook-Bulls Head-Travis,Staten Island,12.776940800890586,Low,0.3297376230627914,0.0,10.104102878138395,8.714494323802345,11.1,49.6
QN1003,Howard Beach-Lindenwood,Queens,12.617396011126427,Low,0.6432936635574139,0.0,9.488581537471857,11.772274043100674,6.1,53.3
QN1104,Oakland Gardens-Hollis Hills,Queens,12.527917535418979,Low,0.11742142549610553,0.0,8.96316881286939,5.049121296332538,6.9,53.9
SI0303,Arden Heights-Rossville,Staten Island,12.422553086777038,Low,0.0952653138992093,0.0,3.2707757772061856,3.2390206725731163,5.3,56.3
MN0802,Upper East Side-Carnegie Hill,Manhattan,12.039391907255578,Low,5.826643483407939,2.0190895741556534,23.898486922422403,26.96903555177389,5.1,40.0
QN1103,Douglaston-Little Neck,Queens,12.0195214251819,Low,0.4692265582231954,0.0,6.373660749198405,4.770470008602486,6.6,53.1
SI0305,Tottenville-Charleston,Staten Island,11.521737347140746,Low,0.41555357672899973,0.0,2.6714158504007126,1.840308696942713,4.8,54.7
BK0602,Park Slope,Brooklyn,11.390852620639205,Low,11.740614334470989,0.0,26.194539249146757,50.40955631399317,4.7,32.2
MN0102,Tribeca-Civic Center,Manhattan,11.383985091042987,Low,9.717504407275229,0.0,11.480414498860558,14.576256610912845,6.1,40.1
QN0803,Fresh Meadows-Utopia,Queens,11.34490721889619,Low,1.0569300984866683,5.369782767878935,7.542637521018496,6.101369204900313,7.7,41.2
QN1102,Bayside,Queens,11.197627070695495,Low,0.9048750141386721,0.0,7.719714964370546,6.730007917656374,9.5,47.6
BX0803,Riverdale-Spuyten Duyvil,Bronx,11.044199895970811,Low,0.7624211105934178,0.0,31.471049176161635,18.14985810495997,6.2,45.4
SI0302,Great Kills-Eltingville,Staten Island,9.260608863966704,Low,0.2779128743139026,0.0,2.9875633988744528,3.526019592857639,7.6,46.9
QN0201,Long Island City-Hunters Point,Queens,8.36511046537116,Low,7.421737601125572,0.0,17.16496658459374,15.793176222300385,7.3,33.7
QN0703,Bay Terrace-Clearview,Queens,8.28436733624152,Low,0.2563554795983764,0.0,5.0843836787011325,5.76799829096347,8.8,43.0
BK0201,Brooklyn Heights,Brooklyn,6.684727311467835,Low,6.57683670195701,0.0,18.60763554700032,26.668270773179337,4.1,32.2
QN1301,Glen Oaks-Floral Park-New Hyde Park,Queens,6.507079916202903,Low,0.0,1.823985408116735,5.4247965701286205,2.0561728935164933,10.1,35.7
MN0601,Stuyvesant Town-Peter Cooper Village,Manhattan,3.246728553579182,Low,1.6846514592724127,0.0,15.389518736056095,1.4569958566680326,7.5,30.5
